Carnet,Nombre Completo,Medio de Transporte,Zona donde vive,Relacion,Hora a la que llega a la universidad [Lunes],Hora a la que llega a la universidad [Martes],Hora a la que llega a la universidad [Miércoles],Hora a la que llega a la universidad [Jueves],Hora a la que llega a la universidad [Viernes],Sede,Tipo de Ruta,Ruta,Tiempo en llegar a la Universidad
18-00773,Kevin Diaz ,Transporte Universitario,Gato Negro,Estudiante,No uso el transporte USB,Antes de las 8 a. m.,Antes de las 8 a. m.,Antes de las 8 a. m.,No uso el transporte USB,Litoral,Interurbana,Gato Negro,Entre 1 y 2 horas
14-03745,Tyler Sanchez ,Transporte Universitario,Gato Negro,Estudiante,8 a. m.,8 a. m.,No uso el transporte USB,8 a. m.,8 a. m.,Litoral,Interurbana,Gato Negro,Entre 2 y 3 horas
15-08273,Amanda Williams ,Transporte Universitario,Catia la Mar,Estudiante,Antes de las 8 a. m.,Antes de las 8 a. m.,Antes de las 8 a. m.,Antes de las 8 a. m.,Antes de las 8 a. m.,Litoral,Urbana,Catia la Mar,Entre 1 y 2 horas
14-03108,Brooke Sanchez ,Transporte Universitario,Gato Negro,Estudiante,Antes de las 8 a. m.,Antes de las 8 a. m.,Antes de las 8 a. m.,Antes de las 8 a. m.,Antes de las 8 a. m.,Litoral,Interurbana,Gato Negro,Entre 1 y 2 horas
15-06226,Sarah Rojas ,Transporte Universitario,Gato Negro,Estudiante,8 a. m.,8 a. m.,No uso el transporte USB,No uso el transporte USB,8 a. m.,Litoral,Interurbana,Gato Negro,Entre 3 y 4 horas
17-00377,Brandon Martinez ,Transporte Universitario,Gato Negro,Estudiante,8 a. m.,8 a. m.,8 a. m.,8 a. m.,8 a. m.,Litoral,Interurbana,Gato Negro,Entre 2 y 3 horas
17-00617,Emily Diaz ,Transporte Universitario,Gato Negro,Estudiante,Antes de las 8 a. m.,Antes de las 8 a. m.,Antes de las 8 a. m.,Antes de las 8 a. m.,8 a. m.,Litoral,Interurbana,Gato Negro,Entre 3 y 4 horas
15-04317,Sarah Sanchez ,Transporte Universitario,Gato Negro,Estudiante,Antes de las 8 a. m.,8 a. m.,8 a. m.,Antes de las 8 a. m.,8 a. m.,Litoral,Interurbana,Gato Negro,Entre 1 y 2 horas
16-00591,Ethan Mendoza ,Transporte Universitario,Gato Negro,Estudiante,Antes de las 8 a. m.,Antes de las 8 a. m.,Antes de las 8 a. m.,Antes de las 8 a. m.,Antes de las 8 a. m.,Litoral,Interurbana,Gato Negro,Entre 2 y 3 horas
16-00177,Julia Ramirez ,Transporte Universitario,Gato Negro,Estudiante,Antes de las 8 a. m.,Antes de las 8 a. m.,Antes de las 8 a. m.,Antes de las 8 a. m.,No uso el transporte USB,Litoral,Interurbana,Gato Negro,Entre 1 y 2 horas
15-08629,Nicholas Romero ,Transporte Universitario,Gato Negro,Estudiante,8 a. m.,8 a. m.,8 a. m.,8 a. m.,8 a. m.,Litoral,Interurbana,Gato Negro,Entre 1 y 2 horas
18-00835,Zachary Moreno ,Transporte Universitario,Catia la Mar,Estudiante,8 a. m.,8 a. m.,8 a. m.,8 a. m.,8 a. m.,Litoral,Urbana,Catia la Mar,Entre 1 y 2 horas
13-10653,Benjamin Andrew,Transporte Universitario,Gato Negro,Estudiante,Antes de las 8 a. m.,Antes de las 8 a. m.,Antes de las 8 a. m.,Antes de las 8 a. m.,Antes de las 8 a. m.,Litoral,Interurbana,Gato Negro,Entre 2 y 3 horas
17-00791,James Lopez ,Transporte Universitario,Catia la Mar,Estudiante,Antes de las 8 a. m.,Antes de las 8 a. m.,Antes de las 8 a. m.,Antes de las 8 a. m.,Antes de las 8 a. m.,Litoral,Urbana,Catia la Mar,Entre 3 y 4 horas
18-00189,Nicole Sanchez ,Transporte Universitario,Maiquetía,Estudiante,Antes de las 8 a. m.,Antes de las 8 a. m.,Antes de las 8 a. m.,Antes de las 8 a. m.,Antes de las 8 a. m.,Litoral,,Ruta litoral inactiva,Entre 1 y 2 horas
17-00835,Jacob Diaz ,Transporte Universitario,Naiguatá,Estudiante,Antes de las 8 a. m.,Antes de las 8 a. m.,Antes de las 8 a. m.,Antes de las 8 a. m.,Antes de las 8 a. m.,Litoral,Urbana,Naiguatá,Menos de 1 hora
18-00167,Christopher Ramirez ,Transporte Universitario,Maiquetía,Estudiante,Antes de las 8 a. m.,Antes de las 8 a. m.,Antes de las 8 a. m.,Antes de las 8 a. m.,8 a. m.,Litoral,,Ruta litoral inactiva,Entre 1 y 2 horas
13-04888,Brandon Romero ,Transporte Universitario,Gato Negro,Estudiante,8 a. m.,No uso el transporte USB,No uso el transporte USB,8 a. m.,8 a. m.,Litoral,Interurbana,Gato Negro,Entre 1 y 2 horas
18-10975,Amber Gutierrez ,Transporte Universitario,Catia la Mar,Estudiante,Antes de las 8 a. m.,No uso el transporte USB,Antes de las 8 a. m.,Antes de las 8 a. m.,8 a. m.,Litoral,Urbana,Catia la Mar,Entre 1 y 2 horas
16-00295,James Medina ,Transporte Universitario,Gato Negro,Estudiante,Antes de las 8 a. m.,Antes de las 8 a. m.,8 a. m.,8 a. m.,Antes de las 8 a. m.,Litoral,Interurbana,Gato Negro,Entre 3 y 4 horas
18-09112,Ryan Moore ,Transporte Universitario,Caraballeda/Caribe,Estudiante,Antes de las 8 a. m.,Antes de las 8 a. m.,Antes de las 8 a. m.,No uso el transporte USB,Antes de las 8 a. m.,Litoral,Urbana,Caraballeda/Caribe,Entre 1 y 2 horas
16-00166,Samantha Sanchez ,Transporte Universitario,Gato Negro,Estudiante,8 a. m.,8 a. m.,8 a. m.,8 a. m.,8 a. m.,Litoral,Interurbana,Gato Negro,Entre 1 y 2 horas
18-00925,John Torres ,Transporte Universitario,Maiquetía,Estudiante,10 a. m.,8 a. m.,10 a. m.,8 a. m.,8 a. m.,Litoral,,Ruta litoral inactiva,Entre 2 y 3 horas
18-00871,Amanda Diaz ,Transporte Universitario,Gato Negro,Estudiante,No uso el transporte USB,Antes de las 8 a. m.,Antes de las 8 a. m.,Antes de las 8 a. m.,Antes de las 8 a. m.,Litoral,Interurbana,Gato Negro,Entre 1 y 2 horas
15-08630,Jonathan Martinez ,Transporte Universitario,Naiguatá,Estudiante,8 a. m.,Antes de las 8 a. m.,Antes de las 8 a. m.,Antes de las 8 a. m.,Antes de las 8 a. m.,Litoral,Urbana,Naiguatá,Entre 1 y 2 horas
16-00598,Amanda Lopez ,Transporte Público,Naiguatá,Estudiante,,,,,,Litoral,,,Entre 1 y 2 horas
16-00232,Jennifer Kayla,Transporte Universitario,Maiquetía,Estudiante,Antes de las 8 a. m.,Antes de las 8 a. m.,Antes de las 8 a. m.,Antes de las 8 a. m.,Antes de las 8 a. m.,Litoral,,Ruta litoral inactiva,Entre 3 y 4 horas
14-06215,Anthony Gutierrez ,Transporte Universitario,Gato Negro,Estudiante,No uso el transporte USB,Antes de las 8 a. m.,10 a. m.,No uso el transporte USB,10 a. m.,Litoral,Interurbana,Gato Negro,Entre 2 y 3 horas
14-00651,Tyler Mendoza ,Transporte Universitario,Gato Negro,Estudiante,8 a. m.,8 a. m.,8 a. m.,8 a. m.,8 a. m.,Litoral,Interurbana,Gato Negro,Entre 1 y 2 horas
16-00249,Nicholas Diaz ,Transporte Universitario,Catia la Mar,Estudiante,8 a. m.,8 a. m.,8 a. m.,8 a. m.,8 a. m.,Litoral,Urbana,Catia la Mar,Entre 2 y 3 horas
18-00166,David Martinez ,Transporte Universitario,Naiguatá,Estudiante,Antes de las 8 a. m.,Antes de las 8 a. m.,No uso el transporte USB,Antes de las 8 a. m.,Antes de las 8 a. m.,Litoral,Urbana,Naiguatá,Entre 1 y 2 horas
15-03529,Matthew Benjamin,Caminando ,Naiguatá,Estudiante,,,,,,Litoral,,,Menos de 1 hora
16-06692,Sarah Diaz ,Transporte Universitario,Caraballeda/Caribe,Estudiante,8 a. m.,8 a. m.,8 a. m.,8 a. m.,8 a. m.,Litoral,Urbana,Caraballeda/Caribe,Menos de 1 hora
16-06692,Sarah Diaz ,Transporte Universitario,Catia la Mar,Estudiante,Antes de las 8 a. m.,Antes de las 8 a. m.,Antes de las 8 a. m.,No uso el transporte USB,Antes de las 8 a. m.,Litoral,Urbana,Catia la Mar,Entre 1 y 2 horas
18-00889,Dylan Lopez ,Transporte Universitario,Catia la Mar,Estudiante,Antes de las 8 a. m.,Antes de las 8 a. m.,Antes de las 8 a. m.,No uso el transporte USB,Antes de las 8 a. m.,Litoral,Urbana,Catia la Mar,Entre 1 y 2 horas
16-06525,Ashley Ruiz ,Transporte Universitario,Caraballeda/Caribe,Estudiante,8 a. m.,8 a. m.,8 a. m.,8 a. m.,8 a. m.,Litoral,Urbana,Caraballeda/Caribe,Entre 2 y 3 horas
16-00488,Joshua Johnson ,Transporte Universitario,El Placer,Estudiante,Antes de las 8 a. m.,Antes de las 8 a. m.,Antes de las 8 a. m.,Antes de las 8 a. m.,No uso el transporte USB,Litoral,,Ruta litoral inactiva,Entre 4 y 5 horas
12-06898,Jessica Mendoza ,Transporte Universitario,Caraballeda/Caribe,Estudiante,8 a. m.,8 a. m.,8 a. m.,8 a. m.,8 a. m.,Litoral,Urbana,Caraballeda/Caribe,Menos de 1 hora
13-03696,Sarah Sanchez ,Transporte Universitario,Catia la Mar,Estudiante,Antes de las 8 a. m.,Antes de las 8 a. m.,Antes de las 8 a. m.,Antes de las 8 a. m.,Antes de las 8 a. m.,Litoral,Urbana,Catia la Mar,Entre 2 y 3 horas
15-04334,Christopher Martinez ,Transporte Universitario,Gato Negro,Estudiante,8 a. m.,8 a. m.,8 a. m.,8 a. m.,8 a. m.,Litoral,Interurbana,Gato Negro,Entre 2 y 3 horas
16-00897,Alexander Diaz ,Transporte Universitario,Gato Negro,Estudiante,Antes de las 8 a. m.,Antes de las 8 a. m.,Antes de las 8 a. m.,Antes de las 8 a. m.,Antes de las 8 a. m.,Litoral,Interurbana,Gato Negro,Entre 1 y 2 horas
17-00419,Samantha Martinez ,Transporte Universitario,Maiquetía,Estudiante,Antes de las 8 a. m.,Antes de las 8 a. m.,Antes de las 8 a. m.,Antes de las 8 a. m.,Antes de las 8 a. m.,Litoral,,Ruta litoral inactiva,Entre 1 y 2 horas
18-00763,Joshua Miller ,Transporte Universitario,Naiguatá,Estudiante,Antes de las 8 a. m.,Antes de las 8 a. m.,Antes de las 8 a. m.,Antes de las 8 a. m.,Antes de las 8 a. m.,Litoral,Urbana,Naiguatá,Menos de 1 hora
16-00737,Nicholas Gomez ,Transporte Universitario,Gato Negro,Estudiante,No uso el transporte USB,8 a. m.,8 a. m.,8 a. m.,8 a. m.,Litoral,Interurbana,Gato Negro,Entre 1 y 2 horas
18-00668,Michael Martinez ,Transporte Universitario,El Placer,Estudiante,Antes de las 8 a. m.,No uso el transporte USB,No uso el transporte USB,No uso el transporte USB,No uso el transporte USB,Litoral,,Ruta litoral inactiva,Entre 2 y 3 horas
18-00973,Megan Lopez ,Transporte Universitario,Gato Negro,Estudiante,Antes de las 8 a. m.,Antes de las 8 a. m.,Antes de las 8 a. m.,Antes de las 8 a. m.,Antes de las 8 a. m.,Litoral,Interurbana,Gato Negro,Menos de 1 hora
16-00127,Christopher Martinez ,Transporte Universitario,Gato Negro,Estudiante,Antes de las 8 a. m.,Antes de las 8 a. m.,Antes de las 8 a. m.,Antes de las 8 a. m.,No uso el transporte USB,Litoral,Interurbana,Gato Negro,Entre 2 y 3 horas
14-03617,Nicholas Ruiz ,Transporte Universitario,Gato Negro,Estudiante,Antes de las 8 a. m.,Antes de las 8 a. m.,Antes de las 8 a. m.,Antes de las 8 a. m.,Antes de las 8 a. m.,Litoral,Interurbana,Gato Negro,Entre 1 y 2 horas
17-00140,Ashley Fernandez ,Transporte Universitario,Gato Negro,Estudiante,8 a. m.,8 a. m.,8 a. m.,8 a. m.,8 a. m.,Litoral,Interurbana,Gato Negro,Entre 2 y 3 horas
18-00723,Brittany Diaz ,Transporte Universitario,Gato Negro,Estudiante,8 a. m.,8 a. m.,8 a. m.,8 a. m.,8 a. m.,Litoral,Interurbana,Gato Negro,Entre 2 y 3 horas
17-00109,Joseph Diaz ,Transporte Universitario,Gato Negro,Estudiante,Antes de las 8 a. m.,Antes de las 8 a. m.,Antes de las 8 a. m.,Antes de las 8 a. m.,Antes de las 8 a. m.,Litoral,Interurbana,Gato Negro,Entre 1 y 2 horas
14-08263,Joshua Torres ,Transporte Universitario,La Paz,Estudiante,Antes de las 8 a. m.,Antes de las 8 a. m.,Antes de las 8 a. m.,Antes de las 8 a. m.,Antes de las 8 a. m.,Litoral,,Ruta litoral inactiva,Entre 2 y 3 horas
15-03127,Rebecca Martinez ,Transporte Universitario,Catia la Mar,Estudiante,8 a. m.,8 a. m.,8 a. m.,8 a. m.,8 a. m.,Litoral,Urbana,Catia la Mar,Entre 2 y 3 horas
15-08701,Christopher Gutierrez ,Transporte Universitario,Gato Negro,Estudiante,Antes de las 8 a. m.,Antes de las 8 a. m.,Antes de las 8 a. m.,Antes de las 8 a. m.,Antes de las 8 a. m.,Litoral,Interurbana,Gato Negro,Entre 2 y 3 horas
18-00849,Thomas Lopez ,Transporte Universitario,Gato Negro,Estudiante,No uso el transporte USB,Antes de las 8 a. m.,Antes de las 8 a. m.,Antes de las 8 a. m.,Antes de las 8 a. m.,Litoral,Interurbana,Gato Negro,Entre 2 y 3 horas
14-08738,James Williams ,Transporte Universitario,El Placer,Estudiante,8 a. m.,Antes de las 8 a. m.,8 a. m.,Antes de las 8 a. m.,Antes de las 8 a. m.,Litoral,,Ruta litoral inactiva,Entre 3 y 4 horas
17-00195,Megan Rojas ,Cola,Naiguatá,Estudiante,,,,,,Litoral,,,Menos de 1 hora
18-00374,Elizabeth Gomez ,Transporte Universitario,Naiguatá,Estudiante,8 a. m.,8 a. m.,8 a. m.,8 a. m.,No uso el transporte USB,Litoral,Urbana,Naiguatá,Menos de 1 hora
13-04769,Kayla Sarah,Transporte Universitario,Gato Negro,Estudiante,Antes de las 8 a. m.,Antes de las 8 a. m.,Antes de las 8 a. m.,Antes de las 8 a. m.,Antes de las 8 a. m.,Litoral,Interurbana,Gato Negro,Entre 3 y 4 horas
18-00386,Amber Anderson ,Transporte Universitario,Caraballeda/Caribe,Estudiante,Antes de las 8 a. m.,Antes de las 8 a. m.,Antes de las 8 a. m.,Antes de las 8 a. m.,Antes de las 8 a. m.,Litoral,Urbana,Caraballeda/Caribe,Menos de 1 hora
18-00305,Brittany Ramirez ,Transporte Universitario,Gato Negro,Estudiante,Antes de las 8 a. m.,Antes de las 8 a. m.,Antes de las 8 a. m.,Antes de las 8 a. m.,Antes de las 8 a. m.,Litoral,Interurbana,Gato Negro,Entre 2 y 3 horas
16-00574,James Diaz ,Transporte Universitario,Maiquetía,Estudiante,Antes de las 8 a. m.,Antes de las 8 a. m.,9 a. m.,Antes de las 8 a. m.,10 a. m.,Litoral,,Ruta litoral inactiva,Entre 1 y 2 horas
16-00848,Lauren Lopez ,Transporte Universitario,Gato Negro,Estudiante,Antes de las 8 a. m.,Antes de las 8 a. m.,Antes de las 8 a. m.,Antes de las 8 a. m.,Antes de las 8 a. m.,Litoral,Interurbana,Gato Negro,Entre 3 y 4 horas
15-08867,Joseph Romero ,Transporte Universitario,Gato Negro,Estudiante,Antes de las 8 a. m.,No uso el transporte USB,No uso el transporte USB,No uso el transporte USB,No uso el transporte USB,Litoral,Interurbana,Gato Negro,Entre 2 y 3 horas
15-08998,Andrew Diaz ,Transporte Universitario,Naiguatá,Estudiante,8 a. m.,8 a. m.,8 a. m.,8 a. m.,8 a. m.,Litoral,Urbana,Naiguatá,Menos de 1 hora
14-00794,Nicholas Lopez ,Transporte Universitario,Caraballeda/Caribe,Estudiante,8 a. m.,8 a. m.,8 a. m.,8 a. m.,8 a. m.,Litoral,Urbana,Caraballeda/Caribe,Entre 1 y 2 horas
18-00244,Austin Rojas ,Transporte Universitario,Caraballeda/Caribe,Estudiante,Antes de las 8 a. m.,Antes de las 8 a. m.,Antes de las 8 a. m.,8 a. m.,Antes de las 8 a. m.,Litoral,Urbana,Caraballeda/Caribe,Entre 1 y 2 horas
18-00498,Christopher Williams ,Transporte Universitario,Catia la Mar,Estudiante,Antes de las 8 a. m.,Antes de las 8 a. m.,Antes de las 8 a. m.,Antes de las 8 a. m.,Antes de las 8 a. m.,Litoral,Urbana,Catia la Mar,Entre 3 y 4 horas
17-00855,Matthew Rojas ,Transporte Universitario,Caraballeda/Caribe,Estudiante,No uso el transporte USB,Antes de las 8 a. m.,Antes de las 8 a. m.,Antes de las 8 a. m.,Antes de las 8 a. m.,Litoral,Urbana,Caraballeda/Caribe,Menos de 1 hora
18-00770,Sarah Ramirez ,Transporte Universitario,Caraballeda/Caribe,Estudiante,8 a. m.,8 a. m.,8 a. m.,8 a. m.,8 a. m.,Litoral,Urbana,Caraballeda/Caribe,Menos de 1 hora
18-00471,Tyler Romero ,Transporte Universitario,Catia la Mar,Estudiante,Antes de las 8 a. m.,Antes de las 8 a. m.,Antes de las 8 a. m.,Antes de las 8 a. m.,Antes de las 8 a. m.,Litoral,Urbana,Catia la Mar,Entre 1 y 2 horas
18-00709,Joshua Ramirez ,Transporte Universitario,Maiquetía,Estudiante,8 a. m.,8 a. m.,8 a. m.,8 a. m.,8 a. m.,Litoral,,Ruta litoral inactiva,Entre 1 y 2 horas
16-00251,Michael Vaca ,Transporte Universitario,Caraballeda/Caribe,Estudiante,8 a. m.,8 a. m.,8 a. m.,8 a. m.,8 a. m.,Litoral,Urbana,Caraballeda/Caribe,Menos de 1 hora
16-00807,Samantha Gomez ,Transporte Universitario,Naiguatá,Estudiante,Antes de las 8 a. m.,8 a. m.,8 a. m.,Antes de las 8 a. m.,Antes de las 8 a. m.,Litoral,Urbana,Naiguatá,Entre 1 y 2 horas
17-00790,Nicholas Smith ,Transporte Universitario,Caraballeda/Caribe,Estudiante,Antes de las 8 a. m.,Antes de las 8 a. m.,Antes de las 8 a. m.,Antes de las 8 a. m.,Antes de las 8 a. m.,Litoral,Urbana,Caraballeda/Caribe,Entre 1 y 2 horas
18-00786,Sarah Diaz ,Transporte Universitario,Caraballeda/Caribe,Estudiante,9 a. m.,8 a. m.,9 a. m.,8 a. m.,8 a. m.,Litoral,Urbana,Caraballeda/Caribe,Entre 1 y 2 horas
18-00986,Amber Torres ,Transporte Universitario,Maiquetía,Estudiante,8 a. m.,8 a. m.,8 a. m.,8 a. m.,8 a. m.,Litoral,,Ruta litoral inactiva,Entre 1 y 2 horas
16-00621,Emily Sanchez ,Transporte Universitario,Bellas Artes,Estudiante,8 a. m.,8 a. m.,8 a. m.,8 a. m.,8 a. m.,Litoral,,Ruta litoral inactiva,Entre 2 y 3 horas
18-00794,Michael Gomez ,Transporte Universitario,Gato Negro,Estudiante,No uso el transporte USB,Antes de las 8 a. m.,Antes de las 8 a. m.,Antes de las 8 a. m.,Antes de las 8 a. m.,Litoral,Interurbana,Gato Negro,Entre 2 y 3 horas
18-00728,Emily Martinez ,Transporte Universitario,Gato Negro,Estudiante,Antes de las 8 a. m.,Antes de las 8 a. m.,Antes de las 8 a. m.,Antes de las 8 a. m.,Antes de las 8 a. m.,Litoral,Interurbana,Gato Negro,Menos de 1 hora
18-00472,Samantha Jimenez ,Transporte Público,Naiguatá,Estudiante,,,,,,Litoral,,,Menos de 1 hora
15-01521,Samantha Sanchez ,Transporte Universitario,Catia la Mar,Estudiante,8 a. m.,8 a. m.,No uso el transporte USB,8 a. m.,No uso el transporte USB,Litoral,Urbana,Catia la Mar,Entre 1 y 2 horas
15-06608,Nicholas Moreno ,Transporte Universitario,Caraballeda/Caribe,Estudiante,Antes de las 8 a. m.,Antes de las 8 a. m.,Antes de las 8 a. m.,Antes de las 8 a. m.,Antes de las 8 a. m.,Litoral,Urbana,Caraballeda/Caribe,Entre 1 y 2 horas
15-06434,Taylor Martinez ,Transporte Público,Naiguatá,Estudiante,,,,,,Litoral,,,Entre 1 y 2 horas
15-08955,Elizabeth Gomez ,Transporte Universitario,Gato Negro,Estudiante,Antes de las 8 a. m.,Antes de las 8 a. m.,No uso el transporte USB,Antes de las 8 a. m.,Antes de las 8 a. m.,Litoral,Interurbana,Gato Negro,Entre 4 y 5 horas
15-08599,Jonathan Fernandez ,Transporte Universitario,Gato Negro,Estudiante,No uso el transporte USB,Antes de las 8 a. m.,Antes de las 8 a. m.,Antes de las 8 a. m.,Antes de las 8 a. m.,Litoral,Interurbana,Gato Negro,Entre 1 y 2 horas
14-06650,Christopher Medina ,Transporte Universitario,Naiguatá,Estudiante,No uso el transporte USB,Antes de las 8 a. m.,Antes de las 8 a. m.,Antes de las 8 a. m.,Antes de las 8 a. m.,Litoral,Urbana,Naiguatá,Menos de 1 hora
18-00494,Austin Alonzo ,Transporte Universitario,Gato Negro,Estudiante,8 a. m.,8 a. m.,8 a. m.,8 a. m.,8 a. m.,Litoral,Interurbana,Gato Negro,Entre 2 y 3 horas
18-00867,Jessica Castillo ,Transporte Universitario,Catia la Mar,Estudiante,Antes de las 8 a. m.,Antes de las 8 a. m.,Antes de las 8 a. m.,Antes de las 8 a. m.,Antes de las 8 a. m.,Litoral,Urbana,Catia la Mar,Entre 1 y 2 horas
18-00490@usb.ve,Andrew Alexander,Transporte Universitario,Catia la Mar,Estudiante,No uso el transporte USB,Antes de las 8 a. m.,Antes de las 8 a. m.,Antes de las 8 a. m.,Antes de las 8 a. m.,Litoral,Urbana,Catia la Mar,Entre 1 y 2 horas
18-00469,Anna Gomez ,Transporte Universitario,Caraballeda/Caribe,Estudiante,Antes de las 8 a. m.,Antes de las 8 a. m.,Antes de las 8 a. m.,Antes de las 8 a. m.,Antes de las 8 a. m.,Litoral,Urbana,Caraballeda/Caribe,Entre 1 y 2 horas
18-09942,Rachel Lopez ,Transporte Universitario,Maiquetía,Estudiante,Antes de las 8 a. m.,Antes de las 8 a. m.,Antes de las 8 a. m.,Antes de las 8 a. m.,Antes de las 8 a. m.,Litoral,,Ruta litoral inactiva,Entre 1 y 2 horas
18-00405,William Ramirez ,Transporte Universitario,Catia la Mar,Estudiante,Antes de las 8 a. m.,Antes de las 8 a. m.,Antes de las 8 a. m.,Antes de las 8 a. m.,Antes de las 8 a. m.,Litoral,Urbana,Catia la Mar,Entre 3 y 4 horas
18-00181,Megan Mendoza ,Transporte Universitario,Maiquetía,Estudiante,No uso el transporte USB,Antes de las 8 a. m.,Antes de las 8 a. m.,Antes de las 8 a. m.,Antes de las 8 a. m.,Litoral,,Ruta litoral inactiva,Menos de 1 hora
18-00675,Megan Ruiz ,Transporte Universitario,Maiquetía,Estudiante,Antes de las 8 a. m.,Antes de las 8 a. m.,Antes de las 8 a. m.,Antes de las 8 a. m.,Antes de las 8 a. m.,Litoral,,Ruta litoral inactiva,Menos de 1 hora
15-05141,Joshua Romero ,Transporte Universitario,Catia la Mar,Estudiante,8 a. m.,8 a. m.,8 a. m.,8 a. m.,8 a. m.,Litoral,Urbana,Catia la Mar,Entre 1 y 2 horas
17-00194,Ashley Gutierrez ,Transporte Universitario,Gato Negro,Estudiante,8 a. m.,8 a. m.,8 a. m.,8 a. m.,8 a. m.,Litoral,Interurbana,Gato Negro,Entre 3 y 4 horas
18-00658,Nicholas Gomez ,Transporte Universitario,Gato Negro,Estudiante,Antes de las 8 a. m.,Antes de las 8 a. m.,Antes de las 8 a. m.,Antes de las 8 a. m.,Antes de las 8 a. m.,Litoral,Interurbana,Gato Negro,Entre 2 y 3 horas
17-00398,Daniel Ramirez ,Transporte Universitario,Gato Negro,Estudiante,8 a. m.,8 a. m.,8 a. m.,8 a. m.,8 a. m.,Litoral,Interurbana,Gato Negro,Entre 1 y 2 horas
17-00141,John Jimenez ,Transporte Universitario,Gato Negro,Estudiante,8 a. m.,8 a. m.,8 a. m.,8 a. m.,8 a. m.,Litoral,Interurbana,Gato Negro,Entre 1 y 2 horas
16-00455,Ashley Diaz ,Transporte Universitario,Bellas Artes,Estudiante,11 a. m.,8 a. m.,9 a. m.,8 a. m.,10 a. m.,Litoral,,Ruta litoral inactiva,Entre 2 y 3 horas
18-00703,Ashley Medina ,Transporte Universitario,Caraballeda/Caribe,Estudiante,Antes de las 8 a. m.,Antes de las 8 a. m.,Antes de las 8 a. m.,Antes de las 8 a. m.,No uso el transporte USB,Litoral,Urbana,Caraballeda/Caribe,Entre 1 y 2 horas
17-00673,David Romero ,Transporte Universitario,Gato Negro,Estudiante,Antes de las 8 a. m.,No uso el transporte USB,No uso el transporte USB,No uso el transporte USB,No uso el transporte USB,Litoral,Interurbana,Gato Negro,Entre 2 y 3 horas
18-00713,Elizabeth Diaz ,Transporte Universitario,Gato Negro,Estudiante,Antes de las 8 a. m.,Antes de las 8 a. m.,Antes de las 8 a. m.,Antes de las 8 a. m.,Antes de las 8 a. m.,Litoral,Interurbana,Gato Negro,Entre 3 y 4 horas
17-00788,Matthew Moreno ,Transporte Universitario,Gato Negro,Estudiante,10 a. m.,Antes de las 8 a. m.,10 a. m.,8 a. m.,10 a. m.,Litoral,Interurbana,Gato Negro,Entre 4 y 5 horas
18-00683,Katherine Castillo ,Transporte Universitario,Gato Negro,Estudiante,Antes de las 8 a. m.,8 a. m.,Antes de las 8 a. m.,Antes de las 8 a. m.,No uso el transporte USB,Litoral,Interurbana,Gato Negro,Entre 2 y 3 horas
14-06577,Matthew Torres ,Transporte Universitario,La Paz,Estudiante,Antes de las 8 a. m.,Antes de las 8 a. m.,Antes de las 8 a. m.,Antes de las 8 a. m.,No uso el transporte USB,Litoral,,Ruta litoral inactiva,Entre 3 y 4 horas
16-00330,Daniel Fernandez ,Transporte Universitario,Catia la Mar,Estudiante,8 a. m.,8 a. m.,Antes de las 8 a. m.,Antes de las 8 a. m.,No uso el transporte USB,Litoral,Urbana,Catia la Mar,Entre 1 y 2 horas
15-03669,James Castillo ,Transporte Universitario,Caraballeda/Caribe,Estudiante,9 a. m.,Antes de las 8 a. m.,9 a. m.,9 a. m.,Antes de las 8 a. m.,Litoral,Urbana,Caraballeda/Caribe,Entre 1 y 2 horas
17-00193,Victoria Castillo ,Transporte Universitario,Gato Negro,Estudiante,8 a. m.,8 a. m.,8 a. m.,8 a. m.,8 a. m.,Litoral,Interurbana,Gato Negro,Entre 3 y 4 horas
18-00735,Andrew Ruiz ,Transporte Universitario,Gato Negro,Estudiante,Antes de las 8 a. m.,Antes de las 8 a. m.,Antes de las 8 a. m.,Antes de las 8 a. m.,Antes de las 8 a. m.,Litoral,Interurbana,Gato Negro,Entre 1 y 2 horas
15-08914,John Martinez ,Transporte Universitario,Maiquetía,Estudiante,Antes de las 8 a. m.,Antes de las 8 a. m.,9 a. m.,Antes de las 8 a. m.,Antes de las 8 a. m.,Litoral,,Ruta litoral inactiva,Entre 1 y 2 horas
18-00874,Elizabeth Gomez ,Transporte Universitario,Catia la Mar,Estudiante,Antes de las 8 a. m.,Antes de las 8 a. m.,Antes de las 8 a. m.,Antes de las 8 a. m.,Antes de las 8 a. m.,Litoral,Urbana,Catia la Mar,Entre 1 y 2 horas
16-00226,Taylor Anderson ,Transporte Universitario,Gato Negro,Estudiante,Antes de las 8 a. m.,Antes de las 8 a. m.,Antes de las 8 a. m.,Antes de las 8 a. m.,Antes de las 8 a. m.,Litoral,Interurbana,Gato Negro,Entre 2 y 3 horas
18-00758,Amanda Martinez ,Transporte Universitario,Maiquetía,Estudiante,8 a. m.,8 a. m.,No uso el transporte USB,8 a. m.,8 a. m.,Litoral,,Ruta litoral inactiva,Entre 1 y 2 horas
16-00843,Michael Castillo ,Transporte Universitario,Catia la Mar,Estudiante,8 a. m.,Antes de las 8 a. m.,Antes de las 8 a. m.,Antes de las 8 a. m.,Antes de las 8 a. m.,Litoral,Urbana,Catia la Mar,Entre 2 y 3 horas
18-00758,Amanda Martinez ,Transporte Universitario,Caraballeda/Caribe,Estudiante,Antes de las 8 a. m.,Antes de las 8 a. m.,Antes de las 8 a. m.,Antes de las 8 a. m.,Antes de las 8 a. m.,Litoral,Urbana,Caraballeda/Caribe,Entre 1 y 2 horas
18-00988,Alexis Ramirez ,Transporte Universitario,Catia la Mar,Estudiante,8 a. m.,8 a. m.,8 a. m.,8 a. m.,8 a. m.,Litoral,Urbana,Catia la Mar,Entre 1 y 2 horas
18-00789,Ashley Diaz ,Transporte Universitario,La Paz,Estudiante,No uso el transporte USB,Antes de las 8 a. m.,9 a. m.,Antes de las 8 a. m.,9 a. m.,Litoral,,Ruta litoral inactiva,Entre 3 y 4 horas
15-03957,Lauren Ramirez ,Transporte Universitario,Caraballeda/Caribe,Estudiante,12 m.,Antes de las 8 a. m.,Antes de las 8 a. m.,Antes de las 8 a. m.,No uso el transporte USB,Litoral,Urbana,Caraballeda/Caribe,Menos de 1 hora
17-09614,Samantha Rojas ,Transporte Universitario,La Paz,Estudiante,No uso el transporte USB,Antes de las 8 a. m.,9 a. m.,Antes de las 8 a. m.,9 a. m.,Litoral,,Ruta litoral inactiva,Entre 3 y 4 horas
15-08381,Ashley Diaz ,Transporte Universitario,Gato Negro,Estudiante,Antes de las 8 a. m.,Antes de las 8 a. m.,Antes de las 8 a. m.,Antes de las 8 a. m.,10 a. m.,Litoral,Interurbana,Gato Negro,Entre 1 y 2 horas
18-00753,Matthew Lopez ,Transporte Universitario,Gato Negro,Estudiante,Antes de las 8 a. m.,Antes de las 8 a. m.,Antes de las 8 a. m.,Antes de las 8 a. m.,No uso el transporte USB,Litoral,Interurbana,Gato Negro,Entre 1 y 2 horas
17-00730,Anthony Diaz ,Transporte Universitario,Gato Negro,Estudiante,8 a. m.,8 a. m.,8 a. m.,8 a. m.,8 a. m.,Litoral,Interurbana,Gato Negro,Entre 1 y 2 horas
17-00491,Michael Lopez ,Transporte Universitario,La Paz,Estudiante,8 a. m.,8 a. m.,8 a. m.,8 a. m.,8 a. m.,Litoral,,Ruta litoral inactiva,Entre 2 y 3 horas
18-00549,Andrew Gomez ,Transporte Universitario,Naiguatá,Estudiante,Antes de las 8 a. m.,Antes de las 8 a. m.,Antes de las 8 a. m.,Antes de las 8 a. m.,Antes de las 8 a. m.,Litoral,Urbana,Naiguatá,Menos de 1 hora
18-00377,Kayla Romero ,Transporte Universitario,Catia la Mar,Estudiante,9 a. m.,Antes de las 8 a. m.,Antes de las 8 a. m.,Antes de las 8 a. m.,No uso el transporte USB,Litoral,Urbana,Catia la Mar,Entre 2 y 3 horas
16-00989,Michael Lopez ,Transporte Universitario,Gato Negro,Estudiante,Antes de las 8 a. m.,Antes de las 8 a. m.,Antes de las 8 a. m.,Antes de las 8 a. m.,No uso el transporte USB,Litoral,Interurbana,Gato Negro,Entre 1 y 2 horas
18-00390,Kevin Ruiz ,Transporte Universitario,Catia la Mar,Estudiante,Antes de las 8 a. m.,Antes de las 8 a. m.,Antes de las 8 a. m.,Antes de las 8 a. m.,Antes de las 8 a. m.,Litoral,Urbana,Catia la Mar,Entre 1 y 2 horas
16-00507,John Rojas ,Transporte Público,Naiguatá,Estudiante,,,,,,Litoral,,,Entre 1 y 2 horas
17-00846,Matthew Rojas ,Transporte Universitario,Catia la Mar,Estudiante,Antes de las 8 a. m.,Antes de las 8 a. m.,Antes de las 8 a. m.,Antes de las 8 a. m.,Antes de las 8 a. m.,Litoral,Urbana,Catia la Mar,Entre 1 y 2 horas
18-00519,Joshua Romero ,Transporte Público,Naiguatá,Estudiante,,,,,,Litoral,,,Entre 1 y 2 horas
15-07579,Eric Johnson ,Transporte Universitario,Catia la Mar,Estudiante,8 a. m.,8 a. m.,8 a. m.,8 a. m.,8 a. m.,Litoral,Urbana,Catia la Mar,Entre 3 y 4 horas
16-06296,Amanda Ramirez ,Transporte Universitario,Gato Negro,Estudiante,Antes de las 8 a. m.,Antes de las 8 a. m.,Antes de las 8 a. m.,Antes de las 8 a. m.,Antes de las 8 a. m.,Litoral,Interurbana,Gato Negro,Entre 2 y 3 horas
17-00345,Emily Ramirez ,Transporte Universitario,Gato Negro,Estudiante,Antes de las 8 a. m.,Antes de las 8 a. m.,No uso el transporte USB,Antes de las 8 a. m.,Antes de las 8 a. m.,Litoral,Interurbana,Gato Negro,Entre 2 y 3 horas
15-04670,Brittany,Transporte Universitario,Gato Negro,Estudiante,Antes de las 8 a. m.,No uso el transporte USB,No uso el transporte USB,No uso el transporte USB,No uso el transporte USB,Litoral,Interurbana,Gato Negro,5 horas o más
18-00740,Sarah Vaca ,Transporte Universitario,Naiguatá,Estudiante,Antes de las 8 a. m.,Antes de las 8 a. m.,Antes de las 8 a. m.,Antes de las 8 a. m.,Antes de las 8 a. m.,Litoral,Urbana,Naiguatá,Entre 1 y 2 horas
13-08478,Eric Ramirez ,Transporte Universitario,Gato Negro,Estudiante,Antes de las 8 a. m.,Antes de las 8 a. m.,Antes de las 8 a. m.,Antes de las 8 a. m.,Antes de las 8 a. m.,Litoral,Interurbana,Gato Negro,Entre 2 y 3 horas
15-04992,Michael Jimenez ,Transporte Universitario,La Paz,Estudiante,Antes de las 8 a. m.,Antes de las 8 a. m.,Antes de las 8 a. m.,Antes de las 8 a. m.,Antes de las 8 a. m.,Litoral,,Ruta litoral inactiva,5 horas o más
16-00501,Madison Lopez ,Transporte Universitario,Maiquetía,Estudiante,Antes de las 8 a. m.,Antes de las 8 a. m.,9 a. m.,9 a. m.,8 a. m.,Litoral,,Ruta litoral inactiva,Entre 1 y 2 horas
17-00691,Sarah Martin ,Cola,Naiguatá,Estudiante,,,,,,Litoral,,,Entre 1 y 2 horas
16-00235,Jacob Gomez ,Transporte Universitario,Catia la Mar,Estudiante,8 a. m.,8 a. m.,8 a. m.,8 a. m.,8 a. m.,Litoral,Urbana,Catia la Mar,Entre 1 y 2 horas
18-00500,Lauren Martinez ,Transporte Universitario,Gato Negro,Estudiante,8 a. m.,8 a. m.,8 a. m.,8 a. m.,8 a. m.,Litoral,Interurbana,Gato Negro,Entre 1 y 2 horas
18-00316,Matthew Lopez ,Transporte Universitario,Caraballeda/Caribe,Estudiante,8 a. m.,8 a. m.,8 a. m.,8 a. m.,8 a. m.,Litoral,Urbana,Caraballeda/Caribe,Entre 1 y 2 horas
16-06763,Morgan Martinez ,Transporte Universitario,Naiguatá,Estudiante,Antes de las 8 a. m.,No uso el transporte USB,Antes de las 8 a. m.,Antes de las 8 a. m.,Antes de las 8 a. m.,Litoral,Urbana,Naiguatá,Menos de 1 hora
14-03146,Samantha Mendoza ,Transporte Universitario,Gato Negro,Estudiante,Antes de las 8 a. m.,Antes de las 8 a. m.,Antes de las 8 a. m.,Antes de las 8 a. m.,No uso el transporte USB,Litoral,Interurbana,Gato Negro,Entre 1 y 2 horas
18-00565,Michael Alonzo ,Transporte Universitario,Caraballeda/Caribe,Estudiante,8 a. m.,8 a. m.,8 a. m.,8 a. m.,8 a. m.,Litoral,Urbana,Caraballeda/Caribe,Entre 1 y 2 horas
14-03584,Elizabeth Romero ,Transporte Universitario,Caraballeda/Caribe,Estudiante,Antes de las 8 a. m.,Antes de las 8 a. m.,Antes de las 8 a. m.,Antes de las 8 a. m.,Antes de las 8 a. m.,Litoral,Urbana,Caraballeda/Caribe,Menos de 1 hora
18-00876,Andrew Rojas ,Transporte Universitario,Gato Negro,Estudiante,Antes de las 8 a. m.,Antes de las 8 a. m.,Antes de las 8 a. m.,Antes de las 8 a. m.,Antes de las 8 a. m.,Litoral,Interurbana,Gato Negro,Entre 1 y 2 horas
17-00599,Sarah Diaz ,Transporte Universitario,Caraballeda/Caribe,Estudiante,8 a. m.,8 a. m.,8 a. m.,8 a. m.,8 a. m.,Litoral,Urbana,Caraballeda/Caribe,Menos de 1 hora
16-00617,Jessica Martinez ,Transporte Universitario,Gato Negro,Estudiante,Antes de las 8 a. m.,Antes de las 8 a. m.,Antes de las 8 a. m.,Antes de las 8 a. m.,Antes de las 8 a. m.,Litoral,Interurbana,Gato Negro,Entre 2 y 3 horas
14-03706,Amber Ruiz ,Transporte Universitario,Gato Negro,Estudiante,Antes de las 8 a. m.,Antes de las 8 a. m.,Antes de las 8 a. m.,Antes de las 8 a. m.,Antes de las 8 a. m.,Litoral,Interurbana,Gato Negro,Menos de 1 hora
16-00388,Sarah Martinez ,Transporte Universitario,Naiguatá,Estudiante,Antes de las 8 a. m.,Antes de las 8 a. m.,Antes de las 8 a. m.,Antes de las 8 a. m.,Antes de las 8 a. m.,Litoral,Urbana,Naiguatá,Menos de 1 hora
18-00940,Lauren Romero ,Transporte Universitario,Gato Negro,Estudiante,Antes de las 8 a. m.,Antes de las 8 a. m.,Antes de las 8 a. m.,Antes de las 8 a. m.,Antes de las 8 a. m.,Litoral,Interurbana,Gato Negro,Entre 1 y 2 horas
16-00966,Anthony Sanchez ,Transporte Universitario,Gato Negro,Estudiante,Antes de las 8 a. m.,Antes de las 8 a. m.,Antes de las 8 a. m.,Antes de las 8 a. m.,Antes de las 8 a. m.,Litoral,Interurbana,Gato Negro,Entre 2 y 3 horas
17-00865,Rachel Sanchez ,Transporte Universitario,Bellas Artes,Estudiante,8 a. m.,Antes de las 8 a. m.,Antes de las 8 a. m.,Antes de las 8 a. m.,Antes de las 8 a. m.,Litoral,,Ruta litoral inactiva,Entre 3 y 4 horas
12-06821,Brandon Romero ,Transporte Universitario,La Paz,Estudiante,Antes de las 8 a. m.,Antes de las 8 a. m.,Antes de las 8 a. m.,9 a. m.,No uso el transporte USB,Litoral,,Ruta litoral inactiva,Entre 1 y 2 horas
18-00292,Taylor Medina ,Transporte Universitario,Maiquetía,Estudiante,9 a. m.,Antes de las 8 a. m.,Antes de las 8 a. m.,Antes de las 8 a. m.,Antes de las 8 a. m.,Litoral,,Ruta litoral inactiva,Entre 2 y 3 horas
18-00561,Amber Lopez ,Transporte Universitario,Gato Negro,Estudiante,Antes de las 8 a. m.,Antes de las 8 a. m.,Antes de las 8 a. m.,Antes de las 8 a. m.,Antes de las 8 a. m.,Litoral,Interurbana,Gato Negro,Entre 1 y 2 horas
17-00727,Anthony Martin ,Transporte Universitario,Gato Negro,Estudiante,Antes de las 8 a. m.,Antes de las 8 a. m.,Antes de las 8 a. m.,10 a. m.,Antes de las 8 a. m.,Litoral,Interurbana,Gato Negro,Entre 1 y 2 horas
16-00587,Daniel Fernandez ,Transporte Universitario,Naiguatá,Estudiante,No uso el transporte USB,12 m.,8 a. m.,No uso el transporte USB,Antes de las 8 a. m.,Litoral,Urbana,Naiguatá,Menos de 1 hora
18-00977,Andrew Romero ,Transporte Universitario,Maiquetía,Estudiante,Antes de las 8 a. m.,Antes de las 8 a. m.,Antes de las 8 a. m.,Antes de las 8 a. m.,Antes de las 8 a. m.,Litoral,,Ruta litoral inactiva,Entre 1 y 2 horas
18-00497,Michael Fernandez ,Transporte Universitario,Maiquetía,Estudiante,Antes de las 8 a. m.,Antes de las 8 a. m.,No uso el transporte USB,Antes de las 8 a. m.,No uso el transporte USB,Litoral,,Ruta litoral inactiva,Entre 1 y 2 horas
13-03117,Michael Daniel,Transporte Universitario,Maiquetía,Estudiante,8 a. m.,8 a. m.,8 a. m.,8 a. m.,8 a. m.,Litoral,,Ruta litoral inactiva,Entre 2 y 3 horas
14-03592,Joshua Romero ,Transporte Universitario,Naiguatá,Estudiante,No uso el transporte USB,Antes de las 8 a. m.,Antes de las 8 a. m.,10 a. m.,10 a. m.,Litoral,Urbana,Naiguatá,Menos de 1 hora
15-04227,Hannah Sanchez ,Transporte Universitario,Gato Negro,Estudiante,No uso el transporte USB,Antes de las 8 a. m.,Antes de las 8 a. m.,No uso el transporte USB,Antes de las 8 a. m.,Litoral,Interurbana,Gato Negro,Entre 2 y 3 horas
16-00360,Ryan Martinez ,Transporte Universitario,Gato Negro,Estudiante,8 a. m.,8 a. m.,8 a. m.,8 a. m.,8 a. m.,Litoral,Interurbana,Gato Negro,Entre 1 y 2 horas
15-08565,Sarah Rojas ,Transporte Universitario,Gato Negro,Estudiante,8 a. m.,Antes de las 8 a. m.,Antes de las 8 a. m.,Antes de las 8 a. m.,Antes de las 8 a. m.,Litoral,Interurbana,Gato Negro,Entre 1 y 2 horas
17-00658,Daniel Romero ,Transporte Universitario,Caraballeda/Caribe,Estudiante,Antes de las 8 a. m.,Antes de las 8 a. m.,Antes de las 8 a. m.,Antes de las 8 a. m.,Antes de las 8 a. m.,Litoral,Urbana,Caraballeda/Caribe,Menos de 1 hora
15-03166,Matthew Sanchez ,Transporte Universitario,Gato Negro,Estudiante,No uso el transporte USB,Antes de las 8 a. m.,Antes de las 8 a. m.,Antes de las 8 a. m.,Antes de las 8 a. m.,Litoral,Interurbana,Gato Negro,Entre 1 y 2 horas
17-00285,Christopher Medina ,Transporte Universitario,Gato Negro,Estudiante,9 a. m.,9 a. m.,9 a. m.,9 a. m.,9 a. m.,Litoral,Interurbana,Gato Negro,Entre 2 y 3 horas
16-00889,Jacob Medina ,Cola,Naiguatá,Estudiante,,,,,,Litoral,,,Menos de 1 hora
16-00941,Robert Lopez ,Transporte Universitario,Gato Negro,Estudiante,Antes de las 8 a. m.,No uso el transporte USB,No uso el transporte USB,No uso el transporte USB,No uso el transporte USB,Litoral,Interurbana,Gato Negro,Entre 2 y 3 horas
15-08458,Brandon Lopez ,Transporte Universitario,Bellas Artes,Estudiante,Antes de las 8 a. m.,Antes de las 8 a. m.,Antes de las 8 a. m.,Antes de las 8 a. m.,Antes de las 8 a. m.,Litoral,,Ruta litoral inactiva,Entre 2 y 3 horas
14-08552,John Martinez ,Transporte Universitario,Gato Negro,Estudiante,Antes de las 8 a. m.,Antes de las 8 a. m.,Antes de las 8 a. m.,Antes de las 8 a. m.,Antes de las 8 a. m.,Litoral,Interurbana,Gato Negro,Entre 3 y 4 horas
17-00987,Megan Sanchez ,Transporte Universitario,Catia la Mar,Estudiante,Antes de las 8 a. m.,Antes de las 8 a. m.,Antes de las 8 a. m.,Antes de las 8 a. m.,Antes de las 8 a. m.,Litoral,Urbana,Catia la Mar,Entre 1 y 2 horas
18-00925,John Torres ,Transporte Universitario,Catia la Mar,Estudiante,Antes de las 8 a. m.,Antes de las 8 a. m.,Antes de las 8 a. m.,Antes de las 8 a. m.,Antes de las 8 a. m.,Litoral,Urbana,Catia la Mar,Entre 1 y 2 horas
16-00566,Ashley Martinez ,Transporte Universitario,Gato Negro,Estudiante,Antes de las 8 a. m.,Antes de las 8 a. m.,Antes de las 8 a. m.,Antes de las 8 a. m.,Antes de las 8 a. m.,Litoral,Interurbana,Gato Negro,Entre 2 y 3 horas
18-00638,Andrew Ramirez ,Transporte Público,Naiguatá,Estudiante,,,,,,Litoral,,,Entre 1 y 2 horas
18-00770,Sarah Ramirez ,Transporte Universitario,Maiquetía,Estudiante,Antes de las 8 a. m.,Antes de las 8 a. m.,No uso el transporte USB,Antes de las 8 a. m.,No uso el transporte USB,Litoral,,Ruta litoral inactiva,Entre 1 y 2 horas
17-00640,Michael Sanchez ,Transporte Universitario,Gato Negro,Estudiante,8 a. m.,8 a. m.,8 a. m.,No uso el transporte USB,8 a. m.,Litoral,Interurbana,Gato Negro,Entre 3 y 4 horas
17-00925,Jasmine Castillo ,Transporte Universitario,Gato Negro,Estudiante,Antes de las 8 a. m.,9 a. m.,Antes de las 8 a. m.,Antes de las 8 a. m.,Antes de las 8 a. m.,Litoral,Interurbana,Gato Negro,Entre 2 y 3 horas
16-00966,Anthony Sanchez ,Transporte Universitario,Catia la Mar,Estudiante,Antes de las 8 a. m.,Antes de las 8 a. m.,Antes de las 8 a. m.,Antes de las 8 a. m.,No uso el transporte USB,Litoral,Urbana,Catia la Mar,Entre 1 y 2 horas
15-06144,Brittany Diaz ,Transporte Universitario,Maiquetía,Estudiante,Antes de las 8 a. m.,Antes de las 8 a. m.,Antes de las 8 a. m.,Antes de las 8 a. m.,Antes de las 8 a. m.,Litoral,,Ruta litoral inactiva,Entre 1 y 2 horas
11-06246,Charles,Transporte Público,Naiguatá,Estudiante,,,,,,Litoral,,,Menos de 1 hora
16-00455,Ashley Diaz ,Transporte Universitario,Caraballeda/Caribe,Estudiante,Antes de las 8 a. m.,Antes de las 8 a. m.,Antes de las 8 a. m.,Antes de las 8 a. m.,Antes de las 8 a. m.,Litoral,Urbana,Caraballeda/Caribe,Menos de 1 hora
16-00594,Ashley Rojas ,Transporte Universitario,Catia la Mar,Estudiante,8 a. m.,8 a. m.,8 a. m.,8 a. m.,8 a. m.,Litoral,Urbana,Catia la Mar,Entre 2 y 3 horas
17-00377,Brandon Martinez ,Transporte Universitario,Caraballeda/Caribe,Estudiante,9 a. m.,9 a. m.,9 a. m.,9 a. m.,9 a. m.,Litoral,Urbana,Caraballeda/Caribe,Menos de 1 hora
18-00763,Joshua Miller ,Transporte Universitario,Caraballeda/Caribe,Estudiante,Antes de las 8 a. m.,8 a. m.,9 a. m.,Antes de las 8 a. m.,8 a. m.,Litoral,Urbana,Caraballeda/Caribe,Menos de 1 hora
18-00682,Kimberly Ramirez ,Transporte Universitario,Maiquetía,Estudiante,9 a. m.,9 a. m.,9 a. m.,9 a. m.,9 a. m.,Litoral,,Ruta litoral inactiva,Entre 2 y 3 horas
17-00212,Andrew Martinez ,Transporte Universitario,Gato Negro,Estudiante,Antes de las 8 a. m.,Antes de las 8 a. m.,Antes de las 8 a. m.,Antes de las 8 a. m.,Antes de las 8 a. m.,Litoral,Interurbana,Gato Negro,Entre 1 y 2 horas
15-03822,Sarah Sanchez ,Transporte Público,Naiguatá,Estudiante,,,,,,Litoral,,,Entre 2 y 3 horas
17-09947,Brittany Ruiz ,Transporte Universitario,Catia la Mar,Estudiante,9 a. m.,Antes de las 8 a. m.,8 a. m.,Antes de las 8 a. m.,Antes de las 8 a. m.,Litoral,Urbana,Catia la Mar,Entre 1 y 2 horas
18-00244,Austin Rojas ,Transporte Universitario,Maiquetía,Estudiante,Antes de las 8 a. m.,Antes de las 8 a. m.,Antes de las 8 a. m.,Antes de las 8 a. m.,Antes de las 8 a. m.,Litoral,,Ruta litoral inactiva,Entre 1 y 2 horas
18-00519,Joshua Romero ,Transporte Universitario,Gato Negro,Estudiante,Antes de las 8 a. m.,Antes de las 8 a. m.,No uso el transporte USB,Antes de las 8 a. m.,Antes de las 8 a. m.,Litoral,Interurbana,Gato Negro,Entre 1 y 2 horas
14-06674,David Mendoza ,Transporte Universitario,Gato Negro,Estudiante,Antes de las 8 a. m.,Antes de las 8 a. m.,Antes de las 8 a. m.,Antes de las 8 a. m.,Antes de las 8 a. m.,Litoral,Interurbana,Gato Negro,Entre 2 y 3 horas
17-00419,Samantha Martinez ,Transporte Universitario,Gato Negro,Estudiante,Antes de las 8 a. m.,Antes de las 8 a. m.,11 a. m.,9 a. m.,11 a. m.,Litoral,Interurbana,Gato Negro,Entre 3 y 4 horas
17-00838,Emily Ramirez ,Transporte Universitario,Gato Negro,Estudiante,8 a. m.,No uso el transporte USB,8 a. m.,8 a. m.,No uso el transporte USB,Litoral,Interurbana,Gato Negro,Entre 3 y 4 horas
16-00140,James Sanchez ,Transporte Universitario,Gato Negro,Estudiante,8 a. m.,Antes de las 8 a. m.,Antes de las 8 a. m.,Antes de las 8 a. m.,Antes de las 8 a. m.,Litoral,Interurbana,Gato Negro,Entre 1 y 2 horas
16-00474,Brittany Martinez ,Transporte Universitario,Gato Negro,Estudiante,Antes de las 8 a. m.,Antes de las 8 a. m.,Antes de las 8 a. m.,Antes de las 8 a. m.,Antes de las 8 a. m.,Litoral,Interurbana,Gato Negro,Entre 1 y 2 horas
17-00791,James Lopez ,Transporte Universitario,Catia la Mar,Estudiante,Antes de las 8 a. m.,Antes de las 8 a. m.,Antes de las 8 a. m.,Antes de las 8 a. m.,Antes de las 8 a. m.,Litoral,Urbana,Catia la Mar,Entre 1 y 2 horas
18-00935,Justin Torres ,Transporte Universitario,Naiguatá,Estudiante,8 a. m.,8 a. m.,8 a. m.,8 a. m.,8 a. m.,Litoral,Urbana,Naiguatá,Entre 1 y 2 horas
16-00680,Sarah Castillo ,Transporte Universitario,Gato Negro,Estudiante,No uso el transporte USB,Antes de las 8 a. m.,No uso el transporte USB,Antes de las 8 a. m.,No uso el transporte USB,Litoral,Interurbana,Gato Negro,Entre 1 y 2 horas
17-00865,Rachel Sanchez ,Transporte Universitario,Gato Negro,Estudiante,8 a. m.,8 a. m.,8 a. m.,8 a. m.,No uso el transporte USB,Litoral,Interurbana,Gato Negro,Entre 2 y 3 horas
16-00587,Daniel Fernandez ,Transporte Universitario,Caraballeda/Caribe,Estudiante,No uso el transporte USB,Antes de las 8 a. m.,Antes de las 8 a. m.,8 a. m.,Antes de las 8 a. m.,Litoral,Urbana,Caraballeda/Caribe,Menos de 1 hora
18-00519,Joshua Romero ,Transporte Universitario,Gato Negro,Estudiante,No uso el transporte USB,No uso el transporte USB,No uso el transporte USB,No uso el transporte USB,No uso el transporte USB,Litoral,Interurbana,Gato Negro,Entre 2 y 3 horas
14-03146,Samantha Mendoza ,Transporte Universitario,Naiguatá,Estudiante,8 a. m.,8 a. m.,8 a. m.,8 a. m.,No uso el transporte USB,Litoral,Urbana,Naiguatá,Menos de 1 hora
17-00238,Ashley Martinez ,Transporte Universitario,Naiguatá,Estudiante,8 a. m.,Antes de las 8 a. m.,Antes de las 8 a. m.,Antes de las 8 a. m.,Antes de las 8 a. m.,Litoral,Urbana,Naiguatá,Menos de 1 hora
15-08618,Robert Diaz ,Transporte Universitario,Naiguatá,Estudiante,8 a. m.,8 a. m.,8 a. m.,8 a. m.,No uso el transporte USB,Litoral,Urbana,Naiguatá,Menos de 1 hora
14-00697,Taylor Sanchez ,Transporte Universitario,Catia la Mar,Estudiante,Antes de las 8 a. m.,Antes de las 8 a. m.,10 a. m.,9 a. m.,Antes de las 8 a. m.,Litoral,Urbana,Catia la Mar,Entre 1 y 2 horas
16-06786,Christopher Sanchez ,Transporte Universitario,Gato Negro,Estudiante,No uso el transporte USB,Antes de las 8 a. m.,Antes de las 8 a. m.,Antes de las 8 a. m.,No uso el transporte USB,Litoral,Interurbana,Gato Negro,Entre 2 y 3 horas
18-00981,Andrew Ramirez ,Transporte Universitario,Catia la Mar,Estudiante,Antes de las 8 a. m.,Antes de las 8 a. m.,Antes de las 8 a. m.,Antes de las 8 a. m.,Antes de las 8 a. m.,Litoral,Urbana,Catia la Mar,5 horas o más
16-00966,Anthony Sanchez ,Transporte Universitario,Otra,Estudiante,8 a. m.,Antes de las 8 a. m.,Antes de las 8 a. m.,8 a. m.,No uso el transporte USB,Litoral,,Ruta litoral inactiva,Entre 1 y 2 horas
17-00497,Kimberly Martinez ,Transporte Universitario,Gato Negro,Estudiante,Antes de las 8 a. m.,Antes de las 8 a. m.,Antes de las 8 a. m.,Antes de las 8 a. m.,Antes de las 8 a. m.,Litoral,Interurbana,Gato Negro,Entre 1 y 2 horas
17-00519,Matthew Gomez ,Transporte Universitario,Maiquetía,Estudiante,Antes de las 8 a. m.,Antes de las 8 a. m.,No uso el transporte USB,Antes de las 8 a. m.,No uso el transporte USB,Litoral,,Ruta litoral inactiva,Entre 2 y 3 horas
17-00599,Sarah Diaz ,Transporte Universitario,Gato Negro,Estudiante,Antes de las 8 a. m.,Antes de las 8 a. m.,Antes de las 8 a. m.,Antes de las 8 a. m.,Antes de las 8 a. m.,Litoral,Interurbana,Gato Negro,Entre 2 y 3 horas
18-00405,William Ramirez ,Transporte Universitario,Gato Negro,Estudiante,Antes de las 8 a. m.,Antes de las 8 a. m.,Antes de las 8 a. m.,Antes de las 8 a. m.,Antes de las 8 a. m.,Litoral,Interurbana,Gato Negro,Entre 1 y 2 horas
15-01521,Samantha Sanchez ,Transporte Universitario,Naiguatá,Estudiante,9 a. m.,Antes de las 8 a. m.,8 a. m.,Antes de las 8 a. m.,Antes de las 8 a. m.,Litoral,Urbana,Naiguatá,Menos de 1 hora
16-00359,Alexander Fernandez ,Transporte Universitario,Gato Negro,Estudiante,8 a. m.,8 a. m.,8 a. m.,8 a. m.,10 a. m.,Litoral,Interurbana,Gato Negro,Menos de 1 hora
15-04212,Alyssa Mendoza ,Transporte Universitario,Naiguatá,Estudiante,8 a. m.,8 a. m.,8 a. m.,8 a. m.,8 a. m.,Litoral,Urbana,Naiguatá,Menos de 1 hora
16-00846,Brandon Johnson ,Transporte Universitario,Caraballeda/Caribe,Estudiante,8 a. m.,8 a. m.,8 a. m.,10 a. m.,10 a. m.,Litoral,Urbana,Caraballeda/Caribe,Entre 1 y 2 horas
18-00698,Jonathan Martinez ,Transporte Universitario,Catia la Mar,Estudiante,8 a. m.,8 a. m.,8 a. m.,8 a. m.,No uso el transporte USB,Litoral,Urbana,Catia la Mar,Entre 2 y 3 horas
12-08852,Brandon Gutierrez ,Transporte Universitario,Gato Negro,Estudiante,Antes de las 8 a. m.,Antes de las 8 a. m.,Antes de las 8 a. m.,Antes de las 8 a. m.,No uso el transporte USB,Litoral,Interurbana,Gato Negro,Menos de 1 hora
13-04888,Brandon Romero ,Transporte Universitario,Maiquetía,Estudiante,Antes de las 8 a. m.,Antes de las 8 a. m.,Antes de las 8 a. m.,Antes de las 8 a. m.,Antes de las 8 a. m.,Litoral,,Ruta litoral inactiva,Entre 2 y 3 horas
15-01446,Elizabeth Castillo ,Transporte Universitario,Gato Negro,Estudiante,Antes de las 8 a. m.,Antes de las 8 a. m.,Antes de las 8 a. m.,Antes de las 8 a. m.,Antes de las 8 a. m.,Litoral,Interurbana,Gato Negro,Entre 2 y 3 horas
18-00879,Hannah Romero ,Transporte Universitario,Catia la Mar,Estudiante,Antes de las 8 a. m.,Antes de las 8 a. m.,Antes de las 8 a. m.,Antes de las 8 a. m.,Antes de las 8 a. m.,Litoral,Urbana,Catia la Mar,Entre 1 y 2 horas
14-08193,Michael Lopez ,Transporte Universitario,La Paz,Estudiante,Antes de las 8 a. m.,Antes de las 8 a. m.,Antes de las 8 a. m.,11 a. m.,Antes de las 8 a. m.,Litoral,,Ruta litoral inactiva,Entre 2 y 3 horas
15-03568,Matthew Rojas ,Transporte Universitario,Gato Negro,Estudiante,Antes de las 8 a. m.,Antes de las 8 a. m.,Antes de las 8 a. m.,Antes de las 8 a. m.,Antes de las 8 a. m.,Litoral,Interurbana,Gato Negro,Entre 3 y 4 horas
18-00305,Brittany Ramirez ,Transporte Universitario,Gato Negro,Estudiante,Antes de las 8 a. m.,Antes de las 8 a. m.,Antes de las 8 a. m.,Antes de las 8 a. m.,Antes de las 8 a. m.,Litoral,Interurbana,Gato Negro,Entre 1 y 2 horas
19-00379,Nicole Lopez ,Transporte Universitario,Catia la Mar,Estudiante,8 a. m.,8 a. m.,9 a. m.,8 a. m.,8 a. m.,Litoral,Urbana,Catia la Mar,Entre 3 y 4 horas
18-00306,Matthew Gomez ,Transporte Universitario,Gato Negro,Estudiante,8 a. m.,8 a. m.,8 a. m.,8 a. m.,8 a. m.,Litoral,Interurbana,Gato Negro,Entre 2 y 3 horas
15-05033,Brittany,Transporte Universitario,Naiguatá,Estudiante,8 a. m.,8 a. m.,8 a. m.,9 a. m.,8 a. m.,Litoral,Urbana,Naiguatá,Menos de 1 hora
17-00727,Anthony Martin ,Transporte Universitario,Catia la Mar,Estudiante,8 a. m.,8 a. m.,9 a. m.,8 a. m.,8 a. m.,Litoral,Urbana,Catia la Mar,Entre 2 y 3 horas
17-00753,Christopher Rojas ,Transporte Universitario,Catia la Mar,Estudiante,Antes de las 8 a. m.,Antes de las 8 a. m.,Antes de las 8 a. m.,Antes de las 8 a. m.,Antes de las 8 a. m.,Litoral,Urbana,Catia la Mar,Entre 1 y 2 horas
15-04317,Sarah Sanchez ,Transporte Universitario,Gato Negro,Estudiante,8 a. m.,No uso el transporte USB,No uso el transporte USB,8 a. m.,No uso el transporte USB,Litoral,Interurbana,Gato Negro,Entre 1 y 2 horas
15-08480,Lauren,Transporte Universitario,Naiguatá,Estudiante,Antes de las 8 a. m.,Antes de las 8 a. m.,Antes de las 8 a. m.,Antes de las 8 a. m.,Antes de las 8 a. m.,Litoral,Urbana,Naiguatá,Menos de 1 hora
18-00519,Joshua Romero ,Transporte Universitario,Caraballeda/Caribe,Estudiante,8 a. m.,8 a. m.,Antes de las 8 a. m.,Antes de las 8 a. m.,No uso el transporte USB,Litoral,Urbana,Caraballeda/Caribe,Entre 1 y 2 horas
16-00177,Julia Ramirez ,Transporte Universitario,Gato Negro,Estudiante,Antes de las 8 a. m.,No uso el transporte USB,No uso el transporte USB,No uso el transporte USB,No uso el transporte USB,Litoral,Interurbana,Gato Negro,Entre 3 y 4 horas
16-00552,John Gomez ,Transporte Universitario,Gato Negro,Estudiante,8 a. m.,Antes de las 8 a. m.,Antes de las 8 a. m.,Antes de las 8 a. m.,Antes de las 8 a. m.,Litoral,Interurbana,Gato Negro,Entre 2 y 3 horas
15-04992,Michael Jimenez ,Transporte Universitario,Gato Negro,Estudiante,8 a. m.,8 a. m.,8 a. m.,8 a. m.,8 a. m.,Litoral,Interurbana,Gato Negro,Entre 4 y 5 horas
18-00925,John Torres ,Transporte Universitario,Catia la Mar,Estudiante,Antes de las 8 a. m.,Antes de las 8 a. m.,Antes de las 8 a. m.,Antes de las 8 a. m.,Antes de las 8 a. m.,Litoral,Urbana,Catia la Mar,Entre 2 y 3 horas
16-00526,Christopher Sanchez ,Transporte Universitario,Catia la Mar,Estudiante,8 a. m.,9 a. m.,8 a. m.,8 a. m.,8 a. m.,Litoral,Urbana,Catia la Mar,Entre 1 y 2 horas
15-08273,Amanda Williams ,Transporte Universitario,Gato Negro,Estudiante,Antes de las 8 a. m.,Antes de las 8 a. m.,Antes de las 8 a. m.,Antes de las 8 a. m.,Antes de las 8 a. m.,Litoral,Interurbana,Gato Negro,Entre 1 y 2 horas
16-00922,Benjamin Ruiz ,Transporte Universitario,Gato Negro,Estudiante,Antes de las 8 a. m.,Antes de las 8 a. m.,8 a. m.,Antes de las 8 a. m.,Antes de las 8 a. m.,Litoral,Interurbana,Gato Negro,Entre 1 y 2 horas
18-00471,Tyler Romero ,Transporte Universitario,Gato Negro,Estudiante,Antes de las 8 a. m.,Antes de las 8 a. m.,Antes de las 8 a. m.,Antes de las 8 a. m.,Antes de las 8 a. m.,Litoral,Interurbana,Gato Negro,Entre 2 y 3 horas
17-00109,Joseph Diaz ,Transporte Universitario,Gato Negro,Estudiante,Antes de las 8 a. m.,No uso el transporte USB,No uso el transporte USB,No uso el transporte USB,No uso el transporte USB,Litoral,Interurbana,Gato Negro,Entre 1 y 2 horas
17-00817,Samuel Lopez ,Transporte Universitario,Gato Negro,Estudiante,8 a. m.,8 a. m.,8 a. m.,8 a. m.,8 a. m.,Litoral,Interurbana,Gato Negro,Entre 1 y 2 horas
16-00621,Emily Sanchez ,Transporte Universitario,Gato Negro,Estudiante,Antes de las 8 a. m.,8 a. m.,Antes de las 8 a. m.,8 a. m.,Antes de las 8 a. m.,Litoral,Interurbana,Gato Negro,Entre 1 y 2 horas
17-00617,Emily Diaz ,Transporte Universitario,Gato Negro,Estudiante,No uso el transporte USB,Antes de las 8 a. m.,Antes de las 8 a. m.,Antes de las 8 a. m.,No uso el transporte USB,Litoral,Interurbana,Gato Negro,Entre 2 y 3 horas
17-00672,Alexander Lopez ,Transporte Universitario,Gato Negro,Estudiante,Antes de las 8 a. m.,Antes de las 8 a. m.,Antes de las 8 a. m.,Antes de las 8 a. m.,Antes de las 8 a. m.,Litoral,Interurbana,Gato Negro,Entre 2 y 3 horas
14-03108,Brooke Sanchez ,Transporte Universitario,Gato Negro,Estudiante,No uso el transporte USB,Antes de las 8 a. m.,Antes de las 8 a. m.,Antes de las 8 a. m.,No uso el transporte USB,Litoral,Interurbana,Gato Negro,Entre 1 y 2 horas
15-00565,Andrew Ramirez ,Transporte Universitario,Catia la Mar,Estudiante,Antes de las 8 a. m.,8 a. m.,8 a. m.,Antes de las 8 a. m.,Antes de las 8 a. m.,Litoral,Urbana,Catia la Mar,Entre 1 y 2 horas
18-09568,Daniel Sanchez ,Transporte Universitario,Catia la Mar,Estudiante,8 a. m.,8 a. m.,8 a. m.,8 a. m.,8 a. m.,Litoral,Urbana,Catia la Mar,Entre 1 y 2 horas
12-06190,Elizabeth Martinez ,Transporte Universitario,Catia la Mar,Estudiante,Antes de las 8 a. m.,Antes de las 8 a. m.,Antes de las 8 a. m.,Antes de las 8 a. m.,Antes de las 8 a. m.,Litoral,Urbana,Catia la Mar,Entre 1 y 2 horas
15-00928,Hannah Moreno ,Transporte Universitario,Gato Negro,Estudiante,No uso el transporte USB,8 a. m.,8 a. m.,8 a. m.,8 a. m.,Litoral,Interurbana,Gato Negro,Entre 1 y 2 horas
13-08353,Lauren Castillo ,Transporte Universitario,Caraballeda/Caribe,Estudiante,8 a. m.,8 a. m.,8 a. m.,Antes de las 8 a. m.,8 a. m.,Litoral,Urbana,Caraballeda/Caribe,Menos de 1 hora
16-00232,Austin Christopher,Transporte Universitario,La Paz,Estudiante,8 a. m.,8 a. m.,8 a. m.,8 a. m.,No uso el transporte USB,Litoral,,Ruta litoral inactiva,Entre 1 y 2 horas
16-00923,Michael Fernandez ,Transporte Universitario,Caraballeda/Caribe,Estudiante,8 a. m.,Antes de las 8 a. m.,No uso el transporte USB,Antes de las 8 a. m.,Antes de las 8 a. m.,Litoral,Urbana,Caraballeda/Caribe,Entre 1 y 2 horas
13-00599,Andrew Daniel,Transporte Universitario,Gato Negro,Estudiante,No uso el transporte USB,8 a. m.,8 a. m.,8 a. m.,8 a. m.,Litoral,Interurbana,Gato Negro,Entre 1 y 2 horas
16-00503,Christopher Gomez ,Transporte Universitario,Naiguatá,Estudiante,8 a. m.,8 a. m.,8 a. m.,8 a. m.,8 a. m.,Litoral,Urbana,Naiguatá,Entre 3 y 4 horas
15-03631,Amanda Romero ,Transporte Universitario,Caraballeda/Caribe,Estudiante,Antes de las 8 a. m.,Antes de las 8 a. m.,Antes de las 8 a. m.,Antes de las 8 a. m.,Antes de las 8 a. m.,Litoral,Urbana,Caraballeda/Caribe,Menos de 1 hora
18-00271,Joshua Gomez ,Transporte Público,Naiguatá,Estudiante,,,,,,Litoral,,,Menos de 1 hora
16-00590,Ashley Fernandez ,Transporte Universitario,Gato Negro,Estudiante,Antes de las 8 a. m.,Antes de las 8 a. m.,Antes de las 8 a. m.,Antes de las 8 a. m.,Antes de las 8 a. m.,Litoral,Interurbana,Gato Negro,Entre 2 y 3 horas
18-00992,Adam Rojas ,Transporte Universitario,Otra,Estudiante,8 a. m.,No uso el transporte USB,8 a. m.,8 a. m.,8 a. m.,Litoral,,Ruta litoral inactiva,Entre 1 y 2 horas
17-00846,Matthew Rojas ,Transporte Universitario,Gato Negro,Estudiante,No uso el transporte USB,No uso el transporte USB,Antes de las 8 a. m.,Antes de las 8 a. m.,Antes de las 8 a. m.,Litoral,Interurbana,Gato Negro,Entre 1 y 2 horas
17-00398,Daniel Ramirez ,Transporte Universitario,Catia la Mar,Estudiante,Antes de las 8 a. m.,Antes de las 8 a. m.,Antes de las 8 a. m.,Antes de las 8 a. m.,Antes de las 8 a. m.,Litoral,Urbana,Catia la Mar,Entre 1 y 2 horas
18-00469,Anna Gomez ,Transporte Universitario,Gato Negro,Estudiante,8 a. m.,8 a. m.,8 a. m.,8 a. m.,8 a. m.,Litoral,Interurbana,Gato Negro,Entre 1 y 2 horas
16-00368,Jessica Romero ,Transporte Universitario,Catia la Mar,Estudiante,No uso el transporte USB,No uso el transporte USB,No uso el transporte USB,No uso el transporte USB,No uso el transporte USB,Litoral,Urbana,Catia la Mar,Entre 1 y 2 horas
16-00032,Daniel Tyler,Transporte Universitario,Gato Negro,Estudiante,No uso el transporte USB,8 a. m.,9 a. m.,No uso el transporte USB,10 a. m.,Litoral,Interurbana,Gato Negro,Entre 2 y 3 horas
15-03127,Rebecca Martinez ,Transporte Universitario,Naiguatá,Estudiante,8 a. m.,8 a. m.,8 a. m.,8 a. m.,8 a. m.,Litoral,Urbana,Naiguatá,Menos de 1 hora
16-06248,Hannah Martin ,Transporte Universitario,Caraballeda/Caribe,Estudiante,8 a. m.,8 a. m.,8 a. m.,8 a. m.,8 a. m.,Litoral,Urbana,Caraballeda/Caribe,Entre 1 y 2 horas
15-07237,Nicholas Gomez ,Transporte Público,Naiguatá,Estudiante,,,,,,Litoral,,,Menos de 1 hora
19-00121,Brittany Vaca ,Transporte Universitario,Gato Negro,Estudiante,No uso el transporte USB,Antes de las 8 a. m.,8 a. m.,Antes de las 8 a. m.,No uso el transporte USB,Litoral,Interurbana,Gato Negro,Entre 2 y 3 horas
17-00272,Emily Lopez ,Transporte Público,Naiguatá,Estudiante,,,,,,Litoral,,,Entre 1 y 2 horas
16-00469,John Romero ,Transporte Universitario,Gato Negro,Estudiante,No uso el transporte USB,Antes de las 8 a. m.,Antes de las 8 a. m.,No uso el transporte USB,Antes de las 8 a. m.,Litoral,Interurbana,Gato Negro,Entre 2 y 3 horas
16-06209,Christopher Moreno ,Transporte Universitario,Gato Negro,Estudiante,8 a. m.,8 a. m.,8 a. m.,8 a. m.,No uso el transporte USB,Litoral,Interurbana,Gato Negro,Entre 2 y 3 horas
14-03364,Daniel Rojas ,Transporte Universitario,Gato Negro,Estudiante,Antes de las 8 a. m.,Antes de las 8 a. m.,Antes de las 8 a. m.,Antes de las 8 a. m.,Antes de las 8 a. m.,Litoral,Interurbana,Gato Negro,Entre 1 y 2 horas
16-00501,Madison Lopez ,Transporte Universitario,Catia la Mar,Estudiante,8 a. m.,8 a. m.,8 a. m.,8 a. m.,No uso el transporte USB,Litoral,Urbana,Catia la Mar,Entre 1 y 2 horas
16-06610,William Gomez ,Transporte Universitario,Naiguatá,Estudiante,Antes de las 8 a. m.,Antes de las 8 a. m.,Antes de las 8 a. m.,Antes de las 8 a. m.,Antes de las 8 a. m.,Litoral,Urbana,Naiguatá,Menos de 1 hora
17-00141,John Jimenez ,Transporte Universitario,Gato Negro,Estudiante,Antes de las 8 a. m.,No uso el transporte USB,No uso el transporte USB,No uso el transporte USB,No uso el transporte USB,Litoral,Interurbana,Gato Negro,Entre 2 y 3 horas
18-00867,Jessica Castillo ,Transporte Universitario,Maiquetía,Estudiante,Antes de las 8 a. m.,Antes de las 8 a. m.,Antes de las 8 a. m.,Antes de las 8 a. m.,Antes de las 8 a. m.,Litoral,,Ruta litoral inactiva,Entre 1 y 2 horas
15-08835,David Fernandez ,Transporte Universitario,Catia la Mar,Estudiante,Antes de las 8 a. m.,Antes de las 8 a. m.,Antes de las 8 a. m.,Antes de las 8 a. m.,Antes de las 8 a. m.,Litoral,Urbana,Catia la Mar,Entre 3 y 4 horas
18-00675,Megan Ruiz ,Transporte Universitario,Gato Negro,Estudiante,8 a. m.,8 a. m.,8 a. m.,8 a. m.,8 a. m.,Litoral,Interurbana,Gato Negro,Entre 2 y 3 horas
16-00973,Danielle Alonzo ,Transporte Universitario,Gato Negro,Estudiante,8 a. m.,8 a. m.,8 a. m.,8 a. m.,8 a. m.,Litoral,Interurbana,Gato Negro,Entre 2 y 3 horas
17-00639,Emily Lopez ,Transporte Universitario,Gato Negro,Estudiante,8 a. m.,8 a. m.,8 a. m.,Antes de las 8 a. m.,Antes de las 8 a. m.,Litoral,Interurbana,Gato Negro,Entre 1 y 2 horas
18-00390,Kevin Ruiz ,Transporte Universitario,Gato Negro,Estudiante,Antes de las 8 a. m.,Antes de las 8 a. m.,Antes de las 8 a. m.,Antes de las 8 a. m.,Antes de las 8 a. m.,Litoral,Interurbana,Gato Negro,Entre 3 y 4 horas
18-00571,Zachary Rojas ,Transporte Universitario,Caraballeda/Caribe,Estudiante,Antes de las 8 a. m.,Antes de las 8 a. m.,Antes de las 8 a. m.,Antes de las 8 a. m.,Antes de las 8 a. m.,Litoral,Urbana,Caraballeda/Caribe,Menos de 1 hora
17-00599,Sarah Diaz ,Transporte Universitario,Catia la Mar,Estudiante,Antes de las 8 a. m.,Antes de las 8 a. m.,Antes de las 8 a. m.,Antes de las 8 a. m.,Antes de las 8 a. m.,Litoral,Urbana,Catia la Mar,Entre 1 y 2 horas
15-03707,Christopher Ramirez ,Transporte Universitario,Caraballeda/Caribe,Estudiante,Antes de las 8 a. m.,9 a. m.,Antes de las 8 a. m.,Antes de las 8 a. m.,9 a. m.,Litoral,Urbana,Caraballeda/Caribe,Menos de 1 hora
19-00941,Taylor Gutierrez ,Transporte Público,Naiguatá,Estudiante,,,,,,Litoral,,,Entre 2 y 3 horas
17-00688,Ashley Fernandez ,Transporte Universitario,Catia la Mar,Estudiante,8 a. m.,8 a. m.,8 a. m.,8 a. m.,8 a. m.,Litoral,Urbana,Catia la Mar,Entre 1 y 2 horas
15-05033,Melissa,Transporte Universitario,Gato Negro,Estudiante,8 a. m.,8 a. m.,8 a. m.,8 a. m.,No uso el transporte USB,Litoral,Interurbana,Gato Negro,Entre 2 y 3 horas
19-00622,Brittany Johnson ,Transporte Universitario,Maiquetía,Estudiante,9 a. m.,Antes de las 8 a. m.,Antes de las 8 a. m.,Antes de las 8 a. m.,Antes de las 8 a. m.,Litoral,,Ruta litoral inactiva,Entre 1 y 2 horas
19-00836,Joseph Sanchez ,Transporte Universitario,Gato Negro,Estudiante,8 a. m.,8 a. m.,8 a. m.,8 a. m.,No uso el transporte USB,Litoral,Interurbana,Gato Negro,Entre 1 y 2 horas
19-00358,Michael Lopez ,Transporte Universitario,Bellas Artes,Estudiante,Antes de las 8 a. m.,8 a. m.,8 a. m.,8 a. m.,8 a. m.,Litoral,,Ruta litoral inactiva,Entre 3 y 4 horas
16-00388,Katherine Castillo ,Transporte Universitario,Catia la Mar,Estudiante,Antes de las 8 a. m.,Antes de las 8 a. m.,Antes de las 8 a. m.,Antes de las 8 a. m.,Antes de las 8 a. m.,Litoral,Urbana,Catia la Mar,5 horas o más
16-00410,Elizabeth Castillo ,Transporte Universitario,Gato Negro,Estudiante,Antes de las 8 a. m.,Antes de las 8 a. m.,Antes de las 8 a. m.,Antes de las 8 a. m.,Antes de las 8 a. m.,Litoral,Interurbana,Gato Negro,Entre 2 y 3 horas
15-03179,Michael Sanchez ,Transporte Universitario,Gato Negro,Estudiante,Antes de las 8 a. m.,Antes de las 8 a. m.,Antes de las 8 a. m.,Antes de las 8 a. m.,Antes de las 8 a. m.,Litoral,Interurbana,Gato Negro,Entre 1 y 2 horas
16-00973,Danielle Alonzo ,Transporte Universitario,Gato Negro,Estudiante,8 a. m.,8 a. m.,No uso el transporte USB,No uso el transporte USB,8 a. m.,Litoral,Interurbana,Gato Negro,Entre 2 y 3 horas
17-00639,Emily Lopez ,Transporte Universitario,Maiquetía,Estudiante,8 a. m.,8 a. m.,8 a. m.,8 a. m.,8 a. m.,Litoral,,Ruta litoral inactiva,Entre 1 y 2 horas
18-00390,Kevin Ruiz ,Transporte Universitario,Gato Negro,Estudiante,Antes de las 8 a. m.,Antes de las 8 a. m.,No uso el transporte USB,Antes de las 8 a. m.,Antes de las 8 a. m.,Litoral,Interurbana,Gato Negro,Entre 2 y 3 horas
18-00571,Zachary Rojas ,Transporte Universitario,Gato Negro,Estudiante,Antes de las 8 a. m.,Antes de las 8 a. m.,Antes de las 8 a. m.,Antes de las 8 a. m.,Antes de las 8 a. m.,Litoral,Interurbana,Gato Negro,Entre 1 y 2 horas
17-00599,Sarah Diaz ,Transporte Universitario,La Paz,Estudiante,Antes de las 8 a. m.,No uso el transporte USB,Antes de las 8 a. m.,Antes de las 8 a. m.,Antes de las 8 a. m.,Litoral,,Ruta litoral inactiva,Entre 2 y 3 horas
15-03707,Christopher Ramirez ,Transporte Universitario,Gato Negro,Estudiante,Antes de las 8 a. m.,Antes de las 8 a. m.,Antes de las 8 a. m.,Antes de las 8 a. m.,Antes de las 8 a. m.,Litoral,Interurbana,Gato Negro,Entre 2 y 3 horas
19-00941,Taylor Gutierrez ,Transporte Universitario,Naiguatá,Estudiante,No uso el transporte USB,Antes de las 8 a. m.,Antes de las 8 a. m.,Antes de las 8 a. m.,Antes de las 8 a. m.,Litoral,Urbana,Naiguatá,Menos de 1 hora
17-00688,Ashley Fernandez ,Transporte Universitario,Naiguatá,Estudiante,No uso el transporte USB,Antes de las 8 a. m.,Antes de las 8 a. m.,Antes de las 8 a. m.,Antes de las 8 a. m.,Litoral,Urbana,Naiguatá,Menos de 1 hora
15-05033,Taylor Kelsey,Transporte Universitario,Gato Negro,Estudiante,Antes de las 8 a. m.,Antes de las 8 a. m.,Antes de las 8 a. m.,Antes de las 8 a. m.,Antes de las 8 a. m.,Litoral,Interurbana,Gato Negro,Entre 1 y 2 horas
19-00622,Brittany Johnson ,Transporte Universitario,Gato Negro,Estudiante,8 a. m.,8 a. m.,8 a. m.,8 a. m.,8 a. m.,Litoral,Interurbana,Gato Negro,Entre 1 y 2 horas
19-00836,Joseph Sanchez ,Transporte Universitario,Catia la Mar,Estudiante,Antes de las 8 a. m.,Antes de las 8 a. m.,Antes de las 8 a. m.,Antes de las 8 a. m.,Antes de las 8 a. m.,Litoral,Urbana,Catia la Mar,Entre 1 y 2 horas
19-00358,Michael Lopez ,Transporte Universitario,Catia la Mar,Estudiante,Antes de las 8 a. m.,Antes de las 8 a. m.,Antes de las 8 a. m.,Antes de las 8 a. m.,No uso el transporte USB,Litoral,Urbana,Catia la Mar,Entre 1 y 2 horas
16-00388,Katherine Castillo ,Transporte Universitario,Catia la Mar,Estudiante,8 a. m.,8 a. m.,No uso el transporte USB,8 a. m.,No uso el transporte USB,Litoral,Urbana,Catia la Mar,Entre 1 y 2 horas
16-00410,Elizabeth Castillo ,Transporte Universitario,Catia la Mar,Estudiante,8 a. m.,9 a. m.,9 a. m.,9 a. m.,8 a. m.,Litoral,Urbana,Catia la Mar,Menos de 1 hora
15-03179,Michael Sanchez ,Transporte Universitario,Gato Negro,Estudiante,8 a. m.,8 a. m.,8 a. m.,8 a. m.,8 a. m.,Litoral,Interurbana,Gato Negro,Entre 3 y 4 horas
